Cutadapt	1	test.fastq	67	AGATCGGAAGAGCACACGTCTGAACTCCAGTCAC	AGATCGGAAGAGCGTCGTGTAGGGAAAGAGTGT	0.19	30	8
Cutadapt	2	test.fastq	45	AGATCGGAAGAGCACACGTCTGAACTCCAGTCAC	AGATCGGAAGAGCGTCGTGTAGGGAAAGAGTGT	0.1	30	4
Cutadapt	1	test.fastq	95	AGATCGGAAGAGCACACGTCTGAACTCCAGTCAC	AGATCGGAAGAGCGTCGTGTAGGGAAAGAGTGT	0.19	36	3
Cutadapt	2	test.fastq	33	AGATCGGAAGAGCACACGTCTGAACTCCAGTCAC	AGATCGGAAGAGCGTCGTGTAGGGAAAGAGTGT	0.11	30	9
Cutadapt	1	test.fastq	58	AGATCGGAAGAGCACACGTCTGAACTCCAGTCAC	AGATCGGAAGAGCGTCGTGTAGGGAAAGAGTGT	0.12	38	9
Cutadapt	1	test.fastq	95	AGATCGGAAGAGCACACGTCTGAACTCCAGTCAC	AGATCGGAAGAGCGTCGTGTAGGGAAAGAGTGT	0.13	37	4
Cutadapt	2	test.fastq	25	AGATCGGAAGAGCACACGTCTGAACTCCAGTCAC	AGATCGGAAGAGCGTCGTGTAGGGAAAGAGTGT	0.13	28	5
Cutadapt	4	test.fastq	91	AGATCGGAAGAGCACACGTCTGAACTCCAGTCAC	AGATCGGAAGAGCGTCGTGTAGGGAAAGAGTGT	0.2	27	6
Cutadapt	1	sample.fastq	78	AGATCGGAAGAGCACACGTCTGAACTCCAGTCAC	AGATCGGAAGAGCGTCGTGTAGGGAAAGAGTGT	0.12	34	6
Cutadapt	1	sample	14	AGATCGGAAGAGCACACGTCTGAACTCCAGTCAC	AGATCGGAAGAGCGTCGTGTAGGGAAAGAGTGT	0.17	40	7
Cutadapt	2	sample	29	AGATCGGAAGAGCACACGTCTGAACTCCAGTCAC	AGATCGGAAGAGCGTCGTGTAGGGAAAGAGTGT	0.19	26	9
Cutadapt	1	sample	18	AGATCGGAAGAGCACACGTCTGAACTCCAGTCAC	AGATCGGAAGAGCGTCGTGTAGGGAAAGAGTGT	0.14	35	3
Cutadapt	1	sample	10	AGATCGGAAGAGCACACGTCTGAACTCCAGTCAC	AGATCGGAAGAGCGTCGTGTAGGGAAAGAGTGT	0.18	30	6
Cutadapt	1	sample	99	AGATCGGAAGAGCACACGTCTGAACTCCAGTCAC	AGATCGGAAGAGCGTCGTGTAGGGAAAGAGTGT	0.17	36	10
Cutadapt	1	sample	89	AGATCGGAAGAGCACACGTCTGAACTCCAGTCAC	AGATCGGAAGAGCGTCGTGTAGGGAAAGAGTGT	0.16	35	3
Cutadapt	1	sample	75	AGATCGGAAGAGCACACGTCTGAACTCCAGTCAC	AGATCGGAAGAGCGTCGTGTAGGGAAAGAGTGT	0.17	33	4
Cutadapt	1	sample	22	AGATCGGAAGAGCACACGTCTGAACTCCAGTCAC	AGATCGGAAGAGCGTCGTGTAGGGAAAGAGTGT	0.17	29	4
Cutadapt	2	sample	30	AGATCGGAAGAGCACACGTCTGAACTCCAGTCAC	AGATCGGAAGAGCGTCGTGTAGGGAAAGAGTGT	0.15	29	10
Cutadapt	3	sample	54	AGATCGGAAGAGCACACGTCTGAACTCCAGTCAC	AGATCGGAAGAGCGTCGTGTAGGGAAAGAGTGT	0.17	30	6
Cutadapt	1	sample_8	86	AGATCGGAAGAGCACACGTCTGAACTCCAGTCAC	AGATCGGAAGAGCGTCGTGTAGGGAAAGAGTGT	0.17	35	5
Cutadapt	1	sample_1	86	AGATCGGAAGAGCACACGTCTGAACTCCAGTCAC	AGATCGGAAGAGCGTCGTGTAGGGAAAGAGTGT	0.13	38	5
Cutadapt	1	sample_10	86	AGATCGGAAGAGCACACGTCTGAACTCCAGTCAC	AGATCGGAAGAGCGTCGTGTAGGGAAAGAGTGT	0.18	26	7
Cutadapt	1	sample_6	86	AGATCGGAAGAGCACACGTCTGAACTCCAGTCAC	AGATCGGAAGAGCGTCGTGTAGGGAAAGAGTGT	0.2	31	6
Cutadapt	1	sample_4	86	AGATCGGAAGAGCACACGTCTGAACTCCAGTCAC	AGATCGGAAGAGCGTCGTGTAGGGAAAGAGTGT	0.17	31	6
Cutadapt	1	sample	86	AGATCGGAAGAGCACACGTCTGAACTCCAGTCAC	AGATCGGAAGAGCGTCGTGTAGGGAAAGAGTGT	0.18	34	5
Cutadapt	1	sample_5	86	AGATCGGAAGAGCACACGTCTGAACTCCAGTCAC	AGATCGGAAGAGCGTCGTGTAGGGAAAGAGTGT	0.16	30	5
Cutadapt	1	sample_3	86	AGATCGGAAGAGCACACGTCTGAACTCCAGTCAC	AGATCGGAAGAGCGTCGTGTAGGGAAAGAGTGT	0.18	36	8
Cutadapt	1	sample_9	86	AGATCGGAAGAGCACACGTCTGAACTCCAGTCAC	AGATCGGAAGAGCGTCGTGTAGGGAAAGAGTGT	0.14	28	4
Cutadapt	1	sample_2	86	AGATCGGAAGAGCACACGTCTGAACTCCAGTCAC	AGATCGGAAGAGCGTCGTGTAGGGAAAGAGTGT	0.18	27	9
Cutadapt	1	sample_7	86	AGATCGGAAGAGCACACGTCTGAACTCCAGTCAC	AGATCGGAAGAGCGTCGTGTAGGGAAAGAGTGT	0.17	30	6
Cutadapt	2	sample_8	14	AGATCGGAAGAGCACACGTCTGAACTCCAGTCAC	AGATCGGAAGAGCGTCGTGTAGGGAAAGAGTGT	0.19	27	10
Cutadapt	2	sample_1	14	AGATCGGAAGAGCACACGTCTGAACTCCAGTCAC	AGATCGGAAGAGCGTCGTGTAGGGAAAGAGTGT	0.15	32	10
Cutadapt	2	sample_10	14	AGATCGGAAGAGCACACGTCTGAACTCCAGTCAC	AGATCGGAAGAGCGTCGTGTAGGGAAAGAGTGT	0.13	30	10
Cutadapt	2	sample_6	14	AGATCGGAAGAGCACACGTCTGAACTCCAGTCAC	AGATCGGAAGAGCGTCGTGTAGGGAAAGAGTGT	0.16	31	3
Cutadapt	2	sample_4	14	AGATCGGAAGAGCACACGTCTGAACTCCAGTCAC	AGATCGGAAGAGCGTCGTGTAGGGAAAGAGTGT	0.18	35	4
Cutadapt	2	sample	14	AGATCGGAAGAGCACACGTCTGAACTCCAGTCAC	AGATCGGAAGAGCGTCGTGTAGGGAAAGAGTGT	0.2	39	7
Cutadapt	2	sample_5	14	AGATCGGAAGAGCACACGTCTGAACTCCAGTCAC	AGATCGGAAGAGCGTCGTGTAGGGAAAGAGTGT	0.11	34	5
Cutadapt	2	sample_3	14	AGATCGGAAGAGCACACGTCTGAACTCCAGTCAC	AGATCGGAAGAGCGTCGTGTAGGGAAAGAGTGT	0.13	28	3
Cutadapt	2	sample_9	14	AGATCGGAAGAGCACACGTCTGAACTCCAGTCAC	AGATCGGAAGAGCGTCGTGTAGGGAAAGAGTGT	0.17	37	3
Cutadapt	2	sample_2	14	AGATCGGAAGAGCACACGTCTGAACTCCAGTCAC	AGATCGGAAGAGCGTCGTGTAGGGAAAGAGTGT	0.11	39	3
Cutadapt	2	sample_7	14	AGATCGGAAGAGCACACGTCTGAACTCCAGTCAC	AGATCGGAAGAGCGTCGTGTAGGGAAAGAGTGT	0.15	26	5
Cutadapt	3	sample_8	47	AGATCGGAAGAGCACACGTCTGAACTCCAGTCAC	AGATCGGAAGAGCGTCGTGTAGGGAAAGAGTGT	0.16	36	10
Cutadapt	3	sample_1	47	AGATCGGAAGAGCACACGTCTGAACTCCAGTCAC	AGATCGGAAGAGCGTCGTGTAGGGAAAGAGTGT	0.16	32	8
Cutadapt	3	sample_10	47	AGATCGGAAGAGCACACGTCTGAACTCCAGTCAC	AGATCGGAAGAGCGTCGTGTAGGGAAAGAGTGT	0.1	27	6
Cutadapt	3	sample_6	47	AGATCGGAAGAGCACACGTCTGAACTCCAGTCAC	AGATCGGAAGAGCGTCGTGTAGGGAAAGAGTGT	0.18	36	6
Cutadapt	3	sample_4	47	AGATCGGAAGAGCACACGTCTGAACTCCAGTCAC	AGATCGGAAGAGCGTCGTGTAGGGAAAGAGTGT	0.13	31	9
Cutadapt	3	sample	47	AGATCGGAAGAGCACACGTCTGAACTCCAGTCAC	AGATCGGAAGAGCGTCGTGTAGGGAAAGAGTGT	0.17	28	3
Cutadapt	3	sample_5	47	AGATCGGAAGAGCACACGTCTGAACTCCAGTCAC	AGATCGGAAGAGCGTCGTGTAGGGAAAGAGTGT	0.12	36	3
Cutadapt	3	sample_3	47	AGATCGGAAGAGCACACGTCTGAACTCCAGTCAC	AGATCGGAAGAGCGTCGTGTAGGGAAAGAGTGT	0.16	40	8
Cutadapt	3	sample_9	47	AGATCGGAAGAGCACACGTCTGAACTCCAGTCAC	AGATCGGAAGAGCGTCGTGTAGGGAAAGAGTGT	0.13	32	3
Cutadapt	3	sample_2	47	AGATCGGAAGAGCACACGTCTGAACTCCAGTCAC	AGATCGGAAGAGCGTCGTGTAGGGAAAGAGTGT	0.19	30	9
Cutadapt	3	sample_7	47	AGATCGGAAGAGCACACGTCTGAACTCCAGTCAC	AGATCGGAAGAGCGTCGTGTAGGGAAAGAGTGT	0.13	37	9
Cutadapt	1	sample_4	29	AGATCGGAAGAGCACACGTCTGAACTCCAGTCAC	AGATCGGAAGAGCGTCGTGTAGGGAAAGAGTGT	0.1	34	7
Cutadapt	1	sample_1	29	AGATCGGAAGAGCACACGTCTGAACTCCAGTCAC	AGATCGGAAGAGCGTCGTGTAGGGAAAGAGTGT	0.19	33	7
Cutadapt	1	sample_5	29	AGATCGGAAGAGCACACGTCTGAACTCCAGTCAC	AGATCGGAAGAGCGTCGTGTAGGGAAAGAGTGT	0.13	30	9
Cutadapt	1	sample_2	29	AGATCGGAAGAGCACACGTCTGAACTCCAGTCAC	AGATCGGAAGAGCGTCGTGTAGGGAAAGAGTGT	0.12	31	9
Cutadapt	1	sample_10	29	AGATCGGAAGAGCACACGTCTGAACTCCAGTCAC	AGATCGGAAGAGCGTCGTGTAGGGAAAGAGTGT	0.18	25	7
Cutadapt	1	sample_8	29	AGATCGGAAGAGCACACGTCTGAACTCCAGTCAC	AGATCGGAAGAGCGTCGTGTAGGGAAAGAGTGT	0.13	32	4
Cutadapt	1	sample_3	29	AGATCGGAAGAGCACACGTCTGAACTCCAGTCAC	AGATCGGAAGAGCGTCGTGTAGGGAAAGAGTGT	0.18	29	6
Cutadapt	1	sample_6	29	AGATCGGAAGAGCACACGTCTGAACTCCAGTCAC	AGATCGGAAGAGCGTCGTGTAGGGAAAGAGTGT	0.19	36	3
Cutadapt	1	sample_9	29	AGATCGGAAGAGCACACGTCTGAACTCCAGTCAC	AGATCGGAAGAGCGTCGTGTAGGGAAAGAGTGT	0.12	39	7
Cutadapt	1	sample_7	29	AGATCGGAAGAGCACACGTCTGAACTCCAGTCAC	AGATCGGAAGAGCGTCGTGTAGGGAAAGAGTGT	0.18	25	5
Cutadapt	1	sample	29	AGATCGGAAGAGCACACGTCTGAACTCCAGTCAC	AGATCGGAAGAGCGTCGTGTAGGGAAAGAGTGT	0.11	29	8
Cutadapt	2	sample_4	85	AGATCGGAAGAGCACACGTCTGAACTCCAGTCAC	AGATCGGAAGAGCGTCGTGTAGGGAAAGAGTGT	0.2	37	7
Cutadapt	2	sample_1	85	AGATCGGAAGAGCACACGTCTGAACTCCAGTCAC	AGATCGGAAGAGCGTCGTGTAGGGAAAGAGTGT	0.1	27	3
Cutadapt	2	sample_5	85	AGATCGGAAGAGCACACGTCTGAACTCCAGTCAC	AGATCGGAAGAGCGTCGTGTAGGGAAAGAGTGT	0.11	31	4
Cutadapt	2	sample_2	85	AGATCGGAAGAGCACACGTCTGAACTCCAGTCAC	AGATCGGAAGAGCGTCGTGTAGGGAAAGAGTGT	0.14	31	9
Cutadapt	2	sample_10	85	AGATCGGAAGAGCACACGTCTGAACTCCAGTCAC	AGATCGGAAGAGCGTCGTGTAGGGAAAGAGTGT	0.19	30	4
Cutadapt	2	sample_8	85	AGATCGGAAGAGCACACGTCTGAACTCCAGTCAC	AGATCGGAAGAGCGTCGTGTAGGGAAAGAGTGT	0.17	33	7
Cutadapt	2	sample_3	85	AGATCGGAAGAGCACACGTCTGAACTCCAGTCAC	AGATCGGAAGAGCGTCGTGTAGGGAAAGAGTGT	0.16	35	5
Cutadapt	2	sample_6	85	AGATCGGAAGAGCACACGTCTGAACTCCAGTCAC	AGATCGGAAGAGCGTCGTGTAGGGAAAGAGTGT	0.19	40	6
Cutadapt	2	sample_9	85	AGATCGGAAGAGCACACGTCTGAACTCCAGTCAC	AGATCGGAAGAGCGTCGTGTAGGGAAAGAGTGT	0.1	30	10
Cutadapt	2	sample_7	85	AGATCGGAAGAGCACACGTCTGAACTCCAGTCAC	AGATCGGAAGAGCGTCGTGTAGGGAAAGAGTGT	0.12	31	10
Cutadapt	2	sample	85	AGATCGGAAGAGCACACGTCTGAACTCCAGTCAC	AGATCGGAAGAGCGTCGTGTAGGGAAAGAGTGT	0.17	36	5
Cutadapt	3	sample_4	71	AGATCGGAAGAGCACACGTCTGAACTCCAGTCAC	AGATCGGAAGAGCGTCGTGTAGGGAAAGAGTGT	0.17	26	3
Cutadapt	3	sample_1	71	AGATCGGAAGAGCACACGTCTGAACTCCAGTCAC	AGATCGGAAGAGCGTCGTGTAGGGAAAGAGTGT	0.13	40	5
Cutadapt	3	sample_5	71	AGATCGGAAGAGCACACGTCTGAACTCCAGTCAC	AGATCGGAAGAGCGTCGTGTAGGGAAAGAGTGT	0.12	35	9
Cutadapt	3	sample_2	71	AGATCGGAAGAGCACACGTCTGAACTCCAGTCAC	AGATCGGAAGAGCGTCGTGTAGGGAAAGAGTGT	0.11	25	8
Cutadapt	3	sample_10	71	AGATCGGAAGAGCACACGTCTGAACTCCAGTCAC	AGATCGGAAGAGCGTCGTGTAGGGAAAGAGTGT	0.14	31	9
Cutadapt	3	sample_8	71	AGATCGGAAGAGCACACGTCTGAACTCCAGTCAC	AGATCGGAAGAGCGTCGTGTAGGGAAAGAGTGT	0.12	39	9
Cutadapt	3	sample_3	71	AGATCGGAAGAGCACACGTCTGAACTCCAGTCAC	AGATCGGAAGAGCGTCGTGTAGGGAAAGAGTGT	0.15	38	9
Cutadapt	3	sample_6	71	AGATCGGAAGAGCACACGTCTGAACTCCAGTCAC	AGATCGGAAGAGCGTCGTGTAGGGAAAGAGTGT	0.11	25	6
Cutadapt	3	sample_9	71	AGATCGGAAGAGCACACGTCTGAACTCCAGTCAC	AGATCGGAAGAGCGTCGTGTAGGGAAAGAGTGT	0.17	39	8
Cutadapt	3	sample_7	71	AGATCGGAAGAGCACACGTCTGAACTCCAGTCAC	AGATCGGAAGAGCGTCGTGTAGGGAAAGAGTGT	0.1	29	3
Cutadapt	3	sample	71	AGATCGGAAGAGCACACGTCTGAACTCCAGTCAC	AGATCGGAAGAGCGTCGTGTAGGGAAAGAGTGT	0.13	32	9
Cutadapt	1	sample_3	9	AGATCGGAAGAGCACACGTCTGAACTCCAGTCAC	AGATCGGAAGAGCGTCGTGTAGGGAAAGAGTGT	0.15	29	3
Cutadapt	1	sample_8	9	AGATCGGAAGAGCACACGTCTGAACTCCAGTCAC	AGATCGGAAGAGCGTCGTGTAGGGAAAGAGTGT	0.17	26	6
Cutadapt	1	sample_1	9	AGATCGGAAGAGCACACGTCTGAACTCCAGTCAC	AGATCGGAAGAGCGTCGTGTAGGGAAAGAGTGT	0.12	32	5
Cutadapt	1	sample_6	9	AGATCGGAAGAGCACACGTCTGAACTCCAGTCAC	AGATCGGAAGAGCGTCGTGTAGGGAAAGAGTGT	0.11	28	4
Cutadapt	1	sample_5	9	AGATCGGAAGAGCACACGTCTGAACTCCAGTCAC	AGATCGGAAGAGCGTCGTGTAGGGAAAGAGTGT	0.15	35	5
Cutadapt	1	sample	9	AGATCGGAAGAGCACACGTCTGAACTCCAGTCAC	AGATCGGAAGAGCGTCGTGTAGGGAAAGAGTGT	0.14	32	10
Cutadapt	1	sample_7	9	AGATCGGAAGAGCACACGTCTGAACTCCAGTCAC	AGATCGGAAGAGCGTCGTGTAGGGAAAGAGTGT	0.16	28	7
Cutadapt	1	sample_4	9	AGATCGGAAGAGCACACGTCTGAACTCCAGTCAC	AGATCGGAAGAGCGTCGTGTAGGGAAAGAGTGT	0.13	34	10
Cutadapt	1	sample_2	9	AGATCGGAAGAGCACACGTCTGAACTCCAGTCAC	AGATCGGAAGAGCGTCGTGTAGGGAAAGAGTGT	0.13	33	6
Cutadapt	1	sample_9	9	AGATCGGAAGAGCACACGTCTGAACTCCAGTCAC	AGATCGGAAGAGCGTCGTGTAGGGAAAGAGTGT	0.17	40	8
Cutadapt	1	sample_10	9	AGATCGGAAGAGCACACGTCTGAACTCCAGTCAC	AGATCGGAAGAGCGTCGTGTAGGGAAAGAGTGT	0.14	33	4
Cutadapt	2	sample_3	73	AGATCGGAAGAGCACACGTCTGAACTCCAGTCAC	AGATCGGAAGAGCGTCGTGTAGGGAAAGAGTGT	0.15	27	6
Cutadapt	2	sample_8	73	AGATCGGAAGAGCACACGTCTGAACTCCAGTCAC	AGATCGGAAGAGCGTCGTGTAGGGAAAGAGTGT	0.1	36	9
Cutadapt	2	sample_1	73	AGATCGGAAGAGCACACGTCTGAACTCCAGTCAC	AGATCGGAAGAGCGTCGTGTAGGGAAAGAGTGT	0.13	26	10
Cutadapt	2	sample_6	73	AGATCGGAAGAGCACACGTCTGAACTCCAGTCAC	AGATCGGAAGAGCGTCGTGTAGGGAAAGAGTGT	0.13	40	3
Cutadapt	2	sample_5	73	AGATCGGAAGAGCACACGTCTGAACTCCAGTCAC	AGATCGGAAGAGCGTCGTGTAGGGAAAGAGTGT	0.1	37	6
Cutadapt	2	sample	73	AGATCGGAAGAGCACACGTCTGAACTCCAGTCAC	AGATCGGAAGAGCGTCGTGTAGGGAAAGAGTGT	0.19	27	9
Cutadapt	2	sample_7	73	AGATCGGAAGAGCACACGTCTGAACTCCAGTCAC	AGATCGGAAGAGCGTCGTGTAGGGAAAGAGTGT	0.16	32	5
Cutadapt	2	sample_4	73	AGATCGGAAGAGCACACGTCTGAACTCCAGTCAC	AGATCGGAAGAGCGTCGTGTAGGGAAAGAGTGT	0.19	36	3
Cutadapt	2	sample_2	73	AGATCGGAAGAGCACACGTCTGAACTCCAGTCAC	AGATCGGAAGAGCGTCGTGTAGGGAAAGAGTGT	0.19	39	9
Cutadapt	2	sample_9	73	AGATCGGAAGAGCACACGTCTGAACTCCAGTCAC	AGATCGGAAGAGCGTCGTGTAGGGAAAGAGTGT	0.2	32	5
Cutadapt	2	sample_10	73	AGATCGGAAGAGCACACGTCTGAACTCCAGTCAC	AGATCGGAAGAGCGTCGTGTAGGGAAAGAGTGT	0.16	35	9
Cutadapt	3	sample_3	31	AGATCGGAAGAGCACACGTCTGAACTCCAGTCAC	AGATCGGAAGAGCGTCGTGTAGGGAAAGAGTGT	0.12	36	10
Cutadapt	3	sample_8	31	AGATCGGAAGAGCACACGTCTGAACTCCAGTCAC	AGATCGGAAGAGCGTCGTGTAGGGAAAGAGTGT	0.18	26	10
Cutadapt	3	sample_1	31	AGATCGGAAGAGCACACGTCTGAACTCCAGTCAC	AGATCGGAAGAGCGTCGTGTAGGGAAAGAGTGT	0.15	36	9
Cutadapt	3	sample_6	31	AGATCGGAAGAGCACACGTCTGAACTCCAGTCAC	AGATCGGAAGAGCGTCGTGTAGGGAAAGAGTGT	0.18	28	9
Cutadapt	3	sample_5	31	AGATCGGAAGAGCACACGTCTGAACTCCAGTCAC	AGATCGGAAGAGCGTCGTGTAGGGAAAGAGTGT	0.19	32	10
Cutadapt	3	sample	31	AGATCGGAAGAGCACACGTCTGAACTCCAGTCAC	AGATCGGAAGAGCGTCGTGTAGGGAAAGAGTGT	0.15	28	9
Cutadapt	3	sample_7	31	AGATCGGAAGAGCACACGTCTGAACTCCAGTCAC	AGATCGGAAGAGCGTCGTGTAGGGAAAGAGTGT	0.12	29	6
Cutadapt	3	sample_4	31	AGATCGGAAGAGCACACGTCTGAACTCCAGTCAC	AGATCGGAAGAGCGTCGTGTAGGGAAAGAGTGT	0.19	29	6
Cutadapt	3	sample_2	31	AGATCGGAAGAGCACACGTCTGAACTCCAGTCAC	AGATCGGAAGAGCGTCGTGTAGGGAAAGAGTGT	0.19	28	8
Cutadapt	3	sample_9	31	AGATCGGAAGAGCACACGTCTGAACTCCAGTCAC	AGATCGGAAGAGCGTCGTGTAGGGAAAGAGTGT	0.19	38	9
Cutadapt	3	sample_10	31	AGATCGGAAGAGCACACGTCTGAACTCCAGTCAC	AGATCGGAAGAGCGTCGTGTAGGGAAAGAGTGT	0.1	25	5
Cutadapt	1	sample_6	11	AGATCGGAAGAGCACACGTCTGAACTCCAGTCAC	AGATCGGAAGAGCGTCGTGTAGGGAAAGAGTGT	0.17	25	7
Cutadapt	1	sample_8	11	AGATCGGAAGAGCACACGTCTGAACTCCAGTCAC	AGATCGGAAGAGCGTCGTGTAGGGAAAGAGTGT	0.18	25	7
Cutadapt	1	sample_10	11	AGATCGGAAGAGCACACGTCTGAACTCCAGTCAC	AGATCGGAAGAGCGTCGTGTAGGGAAAGAGTGT	0.11	37	9
Cutadapt	1	sample_1	11	AGATCGGAAGAGCACACGTCTGAACTCCAGTCAC	AGATCGGAAGAGCGTCGTGTAGGGAAAGAGTGT	0.18	28	7
Cutadapt	1	sample_5	11	AGATCGGAAGAGCACACGTCTGAACTCCAGTCAC	AGATCGGAAGAGCGTCGTGTAGGGAAAGAGTGT	0.12	28	10
Cutadapt	1	sample_9	11	AGATCGGAAGAGCACACGTCTGAACTCCAGTCAC	AGATCGGAAGAGCGTCGTGTAGGGAAAGAGTGT	0.11	37	4
Cutadapt	1	sample	11	AGATCGGAAGAGCACACGTCTGAACTCCAGTCAC	AGATCGGAAGAGCGTCGTGTAGGGAAAGAGTGT	0.11	30	5
Cutadapt	1	sample_3	11	AGATCGGAAGAGCACACGTCTGAACTCCAGTCAC	AGATCGGAAGAGCGTCGTGTAGGGAAAGAGTGT	0.19	37	7
Cutadapt	1	sample_2	11	AGATCGGAAGAGCACACGTCTGAACTCCAGTCAC	AGATCGGAAGAGCGTCGTGTAGGGAAAGAGTGT	0.15	28	3
Cutadapt	1	sample_7	11	AGATCGGAAGAGCACACGTCTGAACTCCAGTCAC	AGATCGGAAGAGCGTCGTGTAGGGAAAGAGTGT	0.18	40	6
Cutadapt	1	sample_4	11	AGATCGGAAGAGCACACGTCTGAACTCCAGTCAC	AGATCGGAAGAGCGTCGTGTAGGGAAAGAGTGT	0.18	26	10
Cutadapt	2	sample_6	40	AGATCGGAAGAGCACACGTCTGAACTCCAGTCAC	AGATCGGAAGAGCGTCGTGTAGGGAAAGAGTGT	0.1	32	5
Cutadapt	2	sample_8	40	AGATCGGAAGAGCACACGTCTGAACTCCAGTCAC	AGATCGGAAGAGCGTCGTGTAGGGAAAGAGTGT	0.13	38	5
Cutadapt	2	sample_10	40	AGATCGGAAGAGCACACGTCTGAACTCCAGTCAC	AGATCGGAAGAGCGTCGTGTAGGGAAAGAGTGT	0.16	34	6
Cutadapt	2	sample_1	40	AGATCGGAAGAGCACACGTCTGAACTCCAGTCAC	AGATCGGAAGAGCGTCGTGTAGGGAAAGAGTGT	0.15	35	5
Cutadapt	2	sample_5	40	AGATCGGAAGAGCACACGTCTGAACTCCAGTCAC	AGATCGGAAGAGCGTCGTGTAGGGAAAGAGTGT	0.14	38	3
Cutadapt	2	sample_9	40	AGATCGGAAGAGCACACGTCTGAACTCCAGTCAC	AGATCGGAAGAGCGTCGTGTAGGGAAAGAGTGT	0.15	39	7
Cutadapt	2	sample	40	AGATCGGAAGAGCACACGTCTGAACTCCAGTCAC	AGATCGGAAGAGCGTCGTGTAGGGAAAGAGTGT	0.1	39	3
Cutadapt	2	sample_3	40	AGATCGGAAGAGCACACGTCTGAACTCCAGTCAC	AGATCGGAAGAGCGTCGTGTAGGGAAAGAGTGT	0.16	28	8
Cutadapt	2	sample_2	40	AGATCGGAAGAGCACACGTCTGAACTCCAGTCAC	AGATCGGAAGAGCGTCGTGTAGGGAAAGAGTGT	0.14	25	6
Cutadapt	2	sample_7	40	AGATCGGAAGAGCACACGTCTGAACTCCAGTCAC	AGATCGGAAGAGCGTCGTGTAGGGAAAGAGTGT	0.11	28	6
Cutadapt	2	sample_4	40	AGATCGGAAGAGCACACGTCTGAACTCCAGTCAC	AGATCGGAAGAGCGTCGTGTAGGGAAAGAGTGT	0.2	27	10
Cutadapt	3	sample_6	44	AGATCGGAAGAGCACACGTCTGAACTCCAGTCAC	AGATCGGAAGAGCGTCGTGTAGGGAAAGAGTGT	0.1	26	9
Cutadapt	3	sample_8	44	AGATCGGAAGAGCACACGTCTGAACTCCAGTCAC	AGATCGGAAGAGCGTCGTGTAGGGAAAGAGTGT	0.19	40	3
Cutadapt	3	sample_10	44	AGATCGGAAGAGCACACGTCTGAACTCCAGTCAC	AGATCGGAAGAGCGTCGTGTAGGGAAAGAGTGT	0.15	32	4
Cutadapt	3	sample_1	44	AGATCGGAAGAGCACACGTCTGAACTCCAGTCAC	AGATCGGAAGAGCGTCGTGTAGGGAAAGAGTGT	0.2	25	8
Cutadapt	3	sample_5	44	AGATCGGAAGAGCACACGTCTGAACTCCAGTCAC	AGATCGGAAGAGCGTCGTGTAGGGAAAGAGTGT	0.2	31	10
Cutadapt	3	sample_9	44	AGATCGGAAGAGCACACGTCTGAACTCCAGTCAC	AGATCGGAAGAGCGTCGTGTAGGGAAAGAGTGT	0.18	28	10
Cutadapt	3	sample	44	AGATCGGAAGAGCACACGTCTGAACTCCAGTCAC	AGATCGGAAGAGCGTCGTGTAGGGAAAGAGTGT	0.14	40	7
Cutadapt	3	sample_3	44	AGATCGGAAGAGCACACGTCTGAACTCCAGTCAC	AGATCGGAAGAGCGTCGTGTAGGGAAAGAGTGT	0.12	25	7
Cutadapt	3	sample_2	44	AGATCGGAAGAGCACACGTCTGAACTCCAGTCAC	AGATCGGAAGAGCGTCGTGTAGGGAAAGAGTGT	0.17	37	7
Cutadapt	3	sample_7	44	AGATCGGAAGAGCACACGTCTGAACTCCAGTCAC	AGATCGGAAGAGCGTCGTGTAGGGAAAGAGTGT	0.19	37	9
Cutadapt	3	sample_4	44	AGATCGGAAGAGCACACGTCTGAACTCCAGTCAC	AGATCGGAAGAGCGTCGTGTAGGGAAAGAGTGT	0.18	31	9
Cutadapt	1	sample_8	20	AGATCGGAAGAGCACACGTCTGAACTCCAGTCAC	AGATCGGAAGAGCGTCGTGTAGGGAAAGAGTGT	0.11	34	3
Cutadapt	1	sample_7	20	AGATCGGAAGAGCACACGTCTGAACTCCAGTCAC	AGATCGGAAGAGCGTCGTGTAGGGAAAGAGTGT	0.2	28	7
Cutadapt	1	sample_1	20	AGATCGGAAGAGCACACGTCTGAACTCCAGTCAC	AGATCGGAAGAGCGTCGTGTAGGGAAAGAGTGT	0.14	25	9
Cutadapt	1	sample_5	20	AGATCGGAAGAGCACACGTCTGAACTCCAGTCAC	AGATCGGAAGAGCGTCGTGTAGGGAAAGAGTGT	0.15	25	7
Cutadapt	1	sample	20	AGATCGGAAGAGCACACGTCTGAACTCCAGTCAC	AGATCGGAAGAGCGTCGTGTAGGGAAAGAGTGT	0.14	31	7
Cutadapt	1	sample_10	20	AGATCGGAAGAGCACACGTCTGAACTCCAGTCAC	AGATCGGAAGAGCGTCGTGTAGGGAAAGAGTGT	0.2	26	6
Cutadapt	1	sample_6	20	AGATCGGAAGAGCACACGTCTGAACTCCAGTCAC	AGATCGGAAGAGCGTCGTGTAGGGAAAGAGTGT	0.13	39	7
Cutadapt	1	sample_3	20	AGATCGGAAGAGCACACGTCTGAACTCCAGTCAC	AGATCGGAAGAGCGTCGTGTAGGGAAAGAGTGT	0.12	26	8
Cutadapt	1	sample_2	20	AGATCGGAAGAGCACACGTCTGAACTCCAGTCAC	AGATCGGAAGAGCGTCGTGTAGGGAAAGAGTGT	0.15	38	6
Cutadapt	1	sample_4	20	AGATCGGAAGAGCACACGTCTGAACTCCAGTCAC	AGATCGGAAGAGCGTCGTGTAGGGAAAGAGTGT	0.14	26	4
Cutadapt	1	sample_9	20	AGATCGGAAGAGCACACGTCTGAACTCCAGTCAC	AGATCGGAAGAGCGTCGTGTAGGGAAAGAGTGT	0.2	29	4
Cutadapt	2	sample_8	42	AGATCGGAAGAGCACACGTCTGAACTCCAGTCAC	AGATCGGAAGAGCGTCGTGTAGGGAAAGAGTGT	0.1	38	10
Cutadapt	2	sample_7	42	AGATCGGAAGAGCACACGTCTGAACTCCAGTCAC	AGATCGGAAGAGCGTCGTGTAGGGAAAGAGTGT	0.11	36	7
Cutadapt	2	sample_1	42	AGATCGGAAGAGCACACGTCTGAACTCCAGTCAC	AGATCGGAAGAGCGTCGTGTAGGGAAAGAGTGT	0.12	25	10
Cutadapt	2	sample_5	42	AGATCGGAAGAGCACACGTCTGAACTCCAGTCAC	AGATCGGAAGAGCGTCGTGTAGGGAAAGAGTGT	0.18	27	8
Cutadapt	2	sample	42	AGATCGGAAGAGCACACGTCTGAACTCCAGTCAC	AGATCGGAAGAGCGTCGTGTAGGGAAAGAGTGT	0.12	28	7
Cutadapt	2	sample_10	42	AGATCGGAAGAGCACACGTCTGAACTCCAGTCAC	AGATCGGAAGAGCGTCGTGTAGGGAAAGAGTGT	0.12	40	3
Cutadapt	2	sample_6	42	AGATCGGAAGAGCACACGTCTGAACTCCAGTCAC	AGATCGGAAGAGCGTCGTGTAGGGAAAGAGTGT	0.2	34	9
Cutadapt	2	sample_3	42	AGATCGGAAGAGCACACGTCTGAACTCCAGTCAC	AGATCGGAAGAGCGTCGTGTAGGGAAAGAGTGT	0.18	36	4
Cutadapt	2	sample_2	42	AGATCGGAAGAGCACACGTCTGAACTCCAGTCAC	AGATCGGAAGAGCGTCGTGTAGGGAAAGAGTGT	0.2	35	9
Cutadapt	2	sample_4	42	AGATCGGAAGAGCACACGTCTGAACTCCAGTCAC	AGATCGGAAGAGCGTCGTGTAGGGAAAGAGTGT	0.13	37	10
Cutadapt	2	sample_9	42	AGATCGGAAGAGCACACGTCTGAACTCCAGTCAC	AGATCGGAAGAGCGTCGTGTAGGGAAAGAGTGT	0.1	37	4
Cutadapt	3	sample_8	97	AGATCGGAAGAGCACACGTCTGAACTCCAGTCAC	AGATCGGAAGAGCGTCGTGTAGGGAAAGAGTGT	0.13	35	6
Cutadapt	3	sample_7	97	AGATCGGAAGAGCACACGTCTGAACTCCAGTCAC	AGATCGGAAGAGCGTCGTGTAGGGAAAGAGTGT	0.15	38	6
Cutadapt	3	sample_1	97	AGATCGGAAGAGCACACGTCTGAACTCCAGTCAC	AGATCGGAAGAGCGTCGTGTAGGGAAAGAGTGT	0.1	31	10
Cutadapt	3	sample_5	97	AGATCGGAAGAGCACACGTCTGAACTCCAGTCAC	AGATCGGAAGAGCGTCGTGTAGGGAAAGAGTGT	0.18	37	3
Cutadapt	3	sample	97	AGATCGGAAGAGCACACGTCTGAACTCCAGTCAC	AGATCGGAAGAGCGTCGTGTAGGGAAAGAGTGT	0.12	32	7
Cutadapt	3	sample_10	97	AGATCGGAAGAGCACACGTCTGAACTCCAGTCAC	AGATCGGAAGAGCGTCGTGTAGGGAAAGAGTGT	0.12	25	8
Cutadapt	3	sample_6	97	AGATCGGAAGAGCACACGTCTGAACTCCAGTCAC	AGATCGGAAGAGCGTCGTGTAGGGAAAGAGTGT	0.13	31	5
Cutadapt	3	sample_3	97	AGATCGGAAGAGCACACGTCTGAACTCCAGTCAC	AGATCGGAAGAGCGTCGTGTAGGGAAAGAGTGT	0.14	31	5
Cutadapt	3	sample_2	97	AGATCGGAAGAGCACACGTCTGAACTCCAGTCAC	AGATCGGAAGAGCGTCGTGTAGGGAAAGAGTGT	0.12	36	8
Cutadapt	3	sample_4	97	AGATCGGAAGAGCACACGTCTGAACTCCAGTCAC	AGATCGGAAGAGCGTCGTGTAGGGAAAGAGTGT	0.12	38	9
Cutadapt	3	sample_9	97	AGATCGGAAGAGCACACGTCTGAACTCCAGTCAC	AGATCGGAAGAGCGTCGTGTAGGGAAAGAGTGT	0.18	30	10
Cutadapt	1	sample_1	82	AGATCGGAAGAGCACACGTCTGAACTCCAGTCAC	AGATCGGAAGAGCGTCGTGTAGGGAAAGAGTGT	0.15	36	10
Cutadapt	1	sample_10	82	AGATCGGAAGAGCACACGTCTGAACTCCAGTCAC	AGATCGGAAGAGCGTCGTGTAGGGAAAGAGTGT	0.15	39	4
Cutadapt	1	sample_3	82	AGATCGGAAGAGCACACGTCTGAACTCCAGTCAC	AGATCGGAAGAGCGTCGTGTAGGGAAAGAGTGT	0.15	36	6
Cutadapt	1	sample_7	82	AGATCGGAAGAGCACACGTCTGAACTCCAGTCAC	AGATCGGAAGAGCGTCGTGTAGGGAAAGAGTGT	0.14	30	10
Cutadapt	1	sample_4	82	AGATCGGAAGAGCACACGTCTGAACTCCAGTCAC	AGATCGGAAGAGCGTCGTGTAGGGAAAGAGTGT	0.12	30	10
Cutadapt	1	sample_9	82	AGATCGGAAGAGCACACGTCTGAACTCCAGTCAC	AGATCGGAAGAGCGTCGTGTAGGGAAAGAGTGT	0.17	27	8
Cutadapt	1	sample	82	AGATCGGAAGAGCACACGTCTGAACTCCAGTCAC	AGATCGGAAGAGCGTCGTGTAGGGAAAGAGTGT	0.16	28	5
Cutadapt	1	sample_6	82	AGATCGGAAGAGCACACGTCTGAACTCCAGTCAC	AGATCGGAAGAGCGTCGTGTAGGGAAAGAGTGT	0.19	36	6
Cutadapt	1	sample_8	82	AGATCGGAAGAGCACACGTCTGAACTCCAGTCAC	AGATCGGAAGAGCGTCGTGTAGGGAAAGAGTGT	0.11	34	3
Cutadapt	1	sample_2	82	AGATCGGAAGAGCACACGTCTGAACTCCAGTCAC	AGATCGGAAGAGCGTCGTGTAGGGAAAGAGTGT	0.16	25	10
Cutadapt	1	sample_5	82	AGATCGGAAGAGCACACGTCTGAACTCCAGTCAC	AGATCGGAAGAGCGTCGTGTAGGGAAAGAGTGT	0.19	26	4
Cutadapt	2	sample_1	22	AGATCGGAAGAGCACACGTCTGAACTCCAGTCAC	AGATCGGAAGAGCGTCGTGTAGGGAAAGAGTGT	0.14	27	4
Cutadapt	2	sample_10	22	AGATCGGAAGAGCACACGTCTGAACTCCAGTCAC	AGATCGGAAGAGCGTCGTGTAGGGAAAGAGTGT	0.14	26	9
Cutadapt	2	sample_3	22	AGATCGGAAGAGCACACGTCTGAACTCCAGTCAC	AGATCGGAAGAGCGTCGTGTAGGGAAAGAGTGT	0.18	35	5
Cutadapt	2	sample_7	22	AGATCGGAAGAGCACACGTCTGAACTCCAGTCAC	AGATCGGAAGAGCGTCGTGTAGGGAAAGAGTGT	0.12	36	5
Cutadapt	2	sample_4	22	AGATCGGAAGAGCACACGTCTGAACTCCAGTCAC	AGATCGGAAGAGCGTCGTGTAGGGAAAGAGTGT	0.16	30	6
Cutadapt	2	sample_9	22	AGATCGGAAGAGCACACGTCTGAACTCCAGTCAC	AGATCGGAAGAGCGTCGTGTAGGGAAAGAGTGT	0.19	28	4
Cutadapt	2	sample	22	AGATCGGAAGAGCACACGTCTGAACTCCAGTCAC	AGATCGGAAGAGCGTCGTGTAGGGAAAGAGTGT	0.18	28	5
Cutadapt	2	sample_6	22	AGATCGGAAGAGCACACGTCTGAACTCCAGTCAC	AGATCGGAAGAGCGTCGTGTAGGGAAAGAGTGT	0.16	30	8
Cutadapt	2	sample_8	22	AGATCGGAAGAGCACACGTCTGAACTCCAGTCAC	AGATCGGAAGAGCGTCGTGTAGGGAAAGAGTGT	0.13	27	7
Cutadapt	2	sample_2	22	AGATCGGAAGAGCACACGTCTGAACTCCAGTCAC	AGATCGGAAGAGCGTCGTGTAGGGAAAGAGTGT	0.19	26	5
Cutadapt	2	sample_5	22	AGATCGGAAGAGCACACGTCTGAACTCCAGTCAC	AGATCGGAAGAGCGTCGTGTAGGGAAAGAGTGT	0.19	30	5
Cutadapt	3	sample_1	34	AGATCGGAAGAGCACACGTCTGAACTCCAGTCAC	AGATCGGAAGAGCGTCGTGTAGGGAAAGAGTGT	0.18	40	10
Cutadapt	3	sample_10	34	AGATCGGAAGAGCACACGTCTGAACTCCAGTCAC	AGATCGGAAGAGCGTCGTGTAGGGAAAGAGTGT	0.12	29	5
Cutadapt	3	sample_3	34	AGATCGGAAGAGCACACGTCTGAACTCCAGTCAC	AGATCGGAAGAGCGTCGTGTAGGGAAAGAGTGT	0.1	36	10
Cutadapt	3	sample_7	34	AGATCGGAAGAGCACACGTCTGAACTCCAGTCAC	AGATCGGAAGAGCGTCGTGTAGGGAAAGAGTGT	0.19	33	9
Cutadapt	3	sample_4	34	AGATCGGAAGAGCACACGTCTGAACTCCAGTCAC	AGATCGGAAGAGCGTCGTGTAGGGAAAGAGTGT	0.16	35	8
Cutadapt	3	sample_9	34	AGATCGGAAGAGCACACGTCTGAACTCCAGTCAC	AGATCGGAAGAGCGTCGTGTAGGGAAAGAGTGT	0.17	26	3
Cutadapt	3	sample	34	AGATCGGAAGAGCACACGTCTGAACTCCAGTCAC	AGATCGGAAGAGCGTCGTGTAGGGAAAGAGTGT	0.19	25	9
Cutadapt	3	sample_6	34	AGATCGGAAGAGCACACGTCTGAACTCCAGTCAC	AGATCGGAAGAGCGTCGTGTAGGGAAAGAGTGT	0.2	39	6
Cutadapt	3	sample_8	34	AGATCGGAAGAGCACACGTCTGAACTCCAGTCAC	AGATCGGAAGAGCGTCGTGTAGGGAAAGAGTGT	0.18	30	5
Cutadapt	3	sample_2	34	AGATCGGAAGAGCACACGTCTGAACTCCAGTCAC	AGATCGGAAGAGCGTCGTGTAGGGAAAGAGTGT	0.17	40	8
Cutadapt	3	sample_5	34	AGATCGGAAGAGCACACGTCTGAACTCCAGTCAC	AGATCGGAAGAGCGTCGTGTAGGGAAAGAGTGT	0.13	38	3
Cutadapt	1	sample_3	50	AGATCGGAAGAGCACACGTCTGAACTCCAGTCAC	AGATCGGAAGAGCGTCGTGTAGGGAAAGAGTGT	0.15	37	3
Cutadapt	1	sample_10	50	AGATCGGAAGAGCACACGTCTGAACTCCAGTCAC	AGATCGGAAGAGCGTCGTGTAGGGAAAGAGTGT	0.1	29	4
Cutadapt	1	sample_8	50	AGATCGGAAGAGCACACGTCTGAACTCCAGTCAC	AGATCGGAAGAGCGTCGTGTAGGGAAAGAGTGT	0.14	30	5
Cutadapt	1	sample_1	50	AGATCGGAAGAGCACACGTCTGAACTCCAGTCAC	AGATCGGAAGAGCGTCGTGTAGGGAAAGAGTGT	0.11	30	6
Cutadapt	1	sample	50	AGATCGGAAGAGCACACGTCTGAACTCCAGTCAC	AGATCGGAAGAGCGTCGTGTAGGGAAAGAGTGT	0.19	34	5
Cutadapt	1	sample_5	50	AGATCGGAAGAGCACACGTCTGAACTCCAGTCAC	AGATCGGAAGAGCGTCGTGTAGGGAAAGAGTGT	0.18	31	5
Cutadapt	1	sample_9	50	AGATCGGAAGAGCACACGTCTGAACTCCAGTCAC	AGATCGGAAGAGCGTCGTGTAGGGAAAGAGTGT	0.19	25	10
Cutadapt	1	sample_6	50	AGATCGGAAGAGCACACGTCTGAACTCCAGTCAC	AGATCGGAAGAGCGTCGTGTAGGGAAAGAGTGT	0.2	36	8
Cutadapt	1	sample_2	50	AGATCGGAAGAGCACACGTCTGAACTCCAGTCAC	AGATCGGAAGAGCGTCGTGTAGGGAAAGAGTGT	0.15	25	7
Cutadapt	1	sample_7	50	AGATCGGAAGAGCACACGTCTGAACTCCAGTCAC	AGATCGGAAGAGCGTCGTGTAGGGAAAGAGTGT	0.11	28	10
Cutadapt	1	sample_4	50	AGATCGGAAGAGCACACGTCTGAACTCCAGTCAC	AGATCGGAAGAGCGTCGTGTAGGGAAAGAGTGT	0.17	29	6
Cutadapt	2	sample_3	78	AGATCGGAAGAGCACACGTCTGAACTCCAGTCAC	AGATCGGAAGAGCGTCGTGTAGGGAAAGAGTGT	0.13	27	7
Cutadapt	2	sample_10	78	AGATCGGAAGAGCACACGTCTGAACTCCAGTCAC	AGATCGGAAGAGCGTCGTGTAGGGAAAGAGTGT	0.19	30	7
Cutadapt	2	sample_8	78	AGATCGGAAGAGCACACGTCTGAACTCCAGTCAC	AGATCGGAAGAGCGTCGTGTAGGGAAAGAGTGT	0.19	26	4
Cutadapt	2	sample_1	78	AGATCGGAAGAGCACACGTCTGAACTCCAGTCAC	AGATCGGAAGAGCGTCGTGTAGGGAAAGAGTGT	0.17	37	5
Cutadapt	2	sample	78	AGATCGGAAGAGCACACGTCTGAACTCCAGTCAC	AGATCGGAAGAGCGTCGTGTAGGGAAAGAGTGT	0.1	32	6
Cutadapt	2	sample_5	78	AGATCGGAAGAGCACACGTCTGAACTCCAGTCAC	AGATCGGAAGAGCGTCGTGTAGGGAAAGAGTGT	0.12	32	4
Cutadapt	2	sample_9	78	AGATCGGAAGAGCACACGTCTGAACTCCAGTCAC	AGATCGGAAGAGCGTCGTGTAGGGAAAGAGTGT	0.17	27	4
Cutadapt	2	sample_6	78	AGATCGGAAGAGCACACGTCTGAACTCCAGTCAC	AGATCGGAAGAGCGTCGTGTAGGGAAAGAGTGT	0.11	27	6
Cutadapt	2	sample_2	78	AGATCGGAAGAGCACACGTCTGAACTCCAGTCAC	AGATCGGAAGAGCGTCGTGTAGGGAAAGAGTGT	0.1	29	9
Cutadapt	2	sample_7	78	AGATCGGAAGAGCACACGTCTGAACTCCAGTCAC	AGATCGGAAGAGCGTCGTGTAGGGAAAGAGTGT	0.11	37	8
Cutadapt	2	sample_4	78	AGATCGGAAGAGCACACGTCTGAACTCCAGTCAC	AGATCGGAAGAGCGTCGTGTAGGGAAAGAGTGT	0.15	26	5
Cutadapt	3	sample_3	69	AGATCGGAAGAGCACACGTCTGAACTCCAGTCAC	AGATCGGAAGAGCGTCGTGTAGGGAAAGAGTGT	0.15	35	3
Cutadapt	3	sample_10	69	AGATCGGAAGAGCACACGTCTGAACTCCAGTCAC	AGATCGGAAGAGCGTCGTGTAGGGAAAGAGTGT	0.16	36	4
Cutadapt	3	sample_8	69	AGATCGGAAGAGCACACGTCTGAACTCCAGTCAC	AGATCGGAAGAGCGTCGTGTAGGGAAAGAGTGT	0.14	37	4
Cutadapt	3	sample_1	69	AGATCGGAAGAGCACACGTCTGAACTCCAGTCAC	AGATCGGAAGAGCGTCGTGTAGGGAAAGAGTGT	0.14	35	3
Cutadapt	3	sample	69	AGATCGGAAGAGCACACGTCTGAACTCCAGTCAC	AGATCGGAAGAGCGTCGTGTAGGGAAAGAGTGT	0.17	25	3
Cutadapt	3	sample_5	69	AGATCGGAAGAGCACACGTCTGAACTCCAGTCAC	AGATCGGAAGAGCGTCGTGTAGGGAAAGAGTGT	0.14	35	8
Cutadapt	3	sample_9	69	AGATCGGAAGAGCACACGTCTGAACTCCAGTCAC	AGATCGGAAGAGCGTCGTGTAGGGAAAGAGTGT	0.15	37	4
Cutadapt	3	sample_6	69	AGATCGGAAGAGCACACGTCTGAACTCCAGTCAC	AGATCGGAAGAGCGTCGTGTAGGGAAAGAGTGT	0.14	33	10
Cutadapt	3	sample_2	69	AGATCGGAAGAGCACACGTCTGAACTCCAGTCAC	AGATCGGAAGAGCGTCGTGTAGGGAAAGAGTGT	0.19	30	5
Cutadapt	3	sample_7	69	AGATCGGAAGAGCACACGTCTGAACTCCAGTCAC	AGATCGGAAGAGCGTCGTGTAGGGAAAGAGTGT	0.17	40	5
Cutadapt	3	sample_4	69	AGATCGGAAGAGCACACGTCTGAACTCCAGTCAC	AGATCGGAAGAGCGTCGTGTAGGGAAAGAGTGT	0.15	31	7
Cutadapt	1	sample_10	24	AGATCGGAAGAGCACACGTCTGAACTCCAGTCAC	AGATCGGAAGAGCGTCGTGTAGGGAAAGAGTGT	0.18	36	8
Cutadapt	1	sample_7	24	AGATCGGAAGAGCACACGTCTGAACTCCAGTCAC	AGATCGGAAGAGCGTCGTGTAGGGAAAGAGTGT	0.1	37	8
Cutadapt	1	sample_2	24	AGATCGGAAGAGCACACGTCTGAACTCCAGTCAC	AGATCGGAAGAGCGTCGTGTAGGGAAAGAGTGT	0.18	30	6
Cutadapt	1	sample_3	24	AGATCGGAAGAGCACACGTCTGAACTCCAGTCAC	AGATCGGAAGAGCGTCGTGTAGGGAAAGAGTGT	0.14	37	5
Cutadapt	1	sample_6	24	AGATCGGAAGAGCACACGTCTGAACTCCAGTCAC	AGATCGGAAGAGCGTCGTGTAGGGAAAGAGTGT	0.18	31	10
Cutadapt	1	sample_4	24	AGATCGGAAGAGCACACGTCTGAACTCCAGTCAC	AGATCGGAAGAGCGTCGTGTAGGGAAAGAGTGT	0.11	38	9
Cutadapt	1	sample_9	24	AGATCGGAAGAGCACACGTCTGAACTCCAGTCAC	AGATCGGAAGAGCGTCGTGTAGGGAAAGAGTGT	0.19	34	6
Cutadapt	1	sample_5	24	AGATCGGAAGAGCACACGTCTGAACTCCAGTCAC	AGATCGGAAGAGCGTCGTGTAGGGAAAGAGTGT	0.1	38	10
Cutadapt	1	sample_1	24	AGATCGGAAGAGCACACGTCTGAACTCCAGTCAC	AGATCGGAAGAGCGTCGTGTAGGGAAAGAGTGT	0.16	33	5
Cutadapt	1	sample_8	24	AGATCGGAAGAGCACACGTCTGAACTCCAGTCAC	AGATCGGAAGAGCGTCGTGTAGGGAAAGAGTGT	0.16	30	10
Cutadapt	1	sample	24	AGATCGGAAGAGCACACGTCTGAACTCCAGTCAC	AGATCGGAAGAGCGTCGTGTAGGGAAAGAGTGT	0.14	39	4
Cutadapt	2	sample_10	10	AGATCGGAAGAGCACACGTCTGAACTCCAGTCAC	AGATCGGAAGAGCGTCGTGTAGGGAAAGAGTGT	0.18	25	7
Cutadapt	2	sample_7	10	AGATCGGAAGAGCACACGTCTGAACTCCAGTCAC	AGATCGGAAGAGCGTCGTGTAGGGAAAGAGTGT	0.13	29	3
Cutadapt	2	sample_2	10	AGATCGGAAGAGCACACGTCTGAACTCCAGTCAC	AGATCGGAAGAGCGTCGTGTAGGGAAAGAGTGT	0.2	28	5
Cutadapt	2	sample_3	10	AGATCGGAAGAGCACACGTCTGAACTCCAGTCAC	AGATCGGAAGAGCGTCGTGTAGGGAAAGAGTGT	0.16	33	8
Cutadapt	2	sample_6	10	AGATCGGAAGAGCACACGTCTGAACTCCAGTCAC	AGATCGGAAGAGCGTCGTGTAGGGAAAGAGTGT	0.19	39	8
Cutadapt	2	sample_4	10	AGATCGGAAGAGCACACGTCTGAACTCCAGTCAC	AGATCGGAAGAGCGTCGTGTAGGGAAAGAGTGT	0.16	34	7
Cutadapt	2	sample_9	10	AGATCGGAAGAGCACACGTCTGAACTCCAGTCAC	AGATCGGAAGAGCGTCGTGTAGGGAAAGAGTGT	0.11	36	3
Cutadapt	2	sample_5	10	AGATCGGAAGAGCACACGTCTGAACTCCAGTCAC	AGATCGGAAGAGCGTCGTGTAGGGAAAGAGTGT	0.14	40	3
Cutadapt	2	sample_1	10	AGATCGGAAGAGCACACGTCTGAACTCCAGTCAC	AGATCGGAAGAGCGTCGTGTAGGGAAAGAGTGT	0.16	25	5
Cutadapt	2	sample_8	10	AGATCGGAAGAGCACACGTCTGAACTCCAGTCAC	AGATCGGAAGAGCGTCGTGTAGGGAAAGAGTGT	0.13	30	4
Cutadapt	2	sample	10	AGATCGGAAGAGCACACGTCTGAACTCCAGTCAC	AGATCGGAAGAGCGTCGTGTAGGGAAAGAGTGT	0.13	26	9
Cutadapt	3	sample_10	72	AGATCGGAAGAGCACACGTCTGAACTCCAGTCAC	AGATCGGAAGAGCGTCGTGTAGGGAAAGAGTGT	0.11	36	4
Cutadapt	3	sample_7	72	AGATCGGAAGAGCACACGTCTGAACTCCAGTCAC	AGATCGGAAGAGCGTCGTGTAGGGAAAGAGTGT	0.12	28	7
Cutadapt	3	sample_2	72	AGATCGGAAGAGCACACGTCTGAACTCCAGTCAC	AGATCGGAAGAGCGTCGTGTAGGGAAAGAGTGT	0.19	33	6
Cutadapt	3	sample_3	72	AGATCGGAAGAGCACACGTCTGAACTCCAGTCAC	AGATCGGAAGAGCGTCGTGTAGGGAAAGAGTGT	0.18	27	6
Cutadapt	3	sample_6	72	AGATCGGAAGAGCACACGTCTGAACTCCAGTCAC	AGATCGGAAGAGCGTCGTGTAGGGAAAGAGTGT	0.13	38	5
Cutadapt	3	sample_4	72	AGATCGGAAGAGCACACGTCTGAACTCCAGTCAC	AGATCGGAAGAGCGTCGTGTAGGGAAAGAGTGT	0.15	27	4
Cutadapt	3	sample_9	72	AGATCGGAAGAGCACACGTCTGAACTCCAGTCAC	AGATCGGAAGAGCGTCGTGTAGGGAAAGAGTGT	0.15	37	7
Cutadapt	3	sample_5	72	AGATCGGAAGAGCACACGTCTGAACTCCAGTCAC	AGATCGGAAGAGCGTCGTGTAGGGAAAGAGTGT	0.17	26	8
Cutadapt	3	sample_1	72	AGATCGGAAGAGCACACGTCTGAACTCCAGTCAC	AGATCGGAAGAGCGTCGTGTAGGGAAAGAGTGT	0.16	36	5
Cutadapt	3	sample_8	72	AGATCGGAAGAGCACACGTCTGAACTCCAGTCAC	AGATCGGAAGAGCGTCGTGTAGGGAAAGAGTGT	0.19	30	9
Cutadapt	3	sample	72	AGATCGGAAGAGCACACGTCTGAACTCCAGTCAC	AGATCGGAAGAGCGTCGTGTAGGGAAAGAGTGT	0.11	29	8
Cutadapt	1	sample	78	AGATCGGAAGAGCACACGTCTGAACTCCAGTCAC	AGATCGGAAGAGCGTCGTGTAGGGAAAGAGTGT	0.19	33	3
Cutadapt	1	sample_7	78	AGATCGGAAGAGCACACGTCTGAACTCCAGTCAC	AGATCGGAAGAGCGTCGTGTAGGGAAAGAGTGT	0.1	32	9
Cutadapt	1	sample_6	78	AGATCGGAAGAGCACACGTCTGAACTCCAGTCAC	AGATCGGAAGAGCGTCGTGTAGGGAAAGAGTGT	0.17	38	6
Cutadapt	1	sample_2	78	AGATCGGAAGAGCACACGTCTGAACTCCAGTCAC	AGATCGGAAGAGCGTCGTGTAGGGAAAGAGTGT	0.17	26	7
Cutadapt	1	sample_3	78	AGATCGGAAGAGCACACGTCTGAACTCCAGTCAC	AGATCGGAAGAGCGTCGTGTAGGGAAAGAGTGT	0.19	27	3
Cutadapt	1	sample_8	78	AGATCGGAAGAGCACACGTCTGAACTCCAGTCAC	AGATCGGAAGAGCGTCGTGTAGGGAAAGAGTGT	0.1	29	5
Cutadapt	1	sample_5	78	AGATCGGAAGAGCACACGTCTGAACTCCAGTCAC	AGATCGGAAGAGCGTCGTGTAGGGAAAGAGTGT	0.12	32	5
Cutadapt	1	sample_10	78	AGATCGGAAGAGCACACGTCTGAACTCCAGTCAC	AGATCGGAAGAGCGTCGTGTAGGGAAAGAGTGT	0.11	26	5
Cutadapt	1	sample_1	78	AGATCGGAAGAGCACACGTCTGAACTCCAGTCAC	AGATCGGAAGAGCGTCGTGTAGGGAAAGAGTGT	0.15	34	9
Cutadapt	1	sample_9	78	AGATCGGAAGAGCACACGTCTGAACTCCAGTCAC	AGATCGGAAGAGCGTCGTGTAGGGAAAGAGTGT	0.19	26	6
Cutadapt	1	sample_4	78	AGATCGGAAGAGCACACGTCTGAACTCCAGTCAC	AGATCGGAAGAGCGTCGTGTAGGGAAAGAGTGT	0.14	28	5
Cutadapt	2	sample	71	AGATCGGAAGAGCACACGTCTGAACTCCAGTCAC	AGATCGGAAGAGCGTCGTGTAGGGAAAGAGTGT	0.1	34	3
Cutadapt	2	sample_7	71	AGATCGGAAGAGCACACGTCTGAACTCCAGTCAC	AGATCGGAAGAGCGTCGTGTAGGGAAAGAGTGT	0.15	36	5
Cutadapt	2	sample_6	71	AGATCGGAAGAGCACACGTCTGAACTCCAGTCAC	AGATCGGAAGAGCGTCGTGTAGGGAAAGAGTGT	0.16	36	9
Cutadapt	2	sample_2	71	AGATCGGAAGAGCACACGTCTGAACTCCAGTCAC	AGATCGGAAGAGCGTCGTGTAGGGAAAGAGTGT	0.17	27	7
Cutadapt	2	sample_3	71	AGATCGGAAGAGCACACGTCTGAACTCCAGTCAC	AGATCGGAAGAGCGTCGTGTAGGGAAAGAGTGT	0.16	26	10
Cutadapt	2	sample_8	71	AGATCGGAAGAGCACACGTCTGAACTCCAGTCAC	AGATCGGAAGAGCGTCGTGTAGGGAAAGAGTGT	0.14	31	7
Cutadapt	2	sample_5	71	AGATCGGAAGAGCACACGTCTGAACTCCAGTCAC	AGATCGGAAGAGCGTCGTGTAGGGAAAGAGTGT	0.17	33	4
Cutadapt	2	sample_10	71	AGATCGGAAGAGCACACGTCTGAACTCCAGTCAC	AGATCGGAAGAGCGTCGTGTAGGGAAAGAGTGT	0.13	25	10
Cutadapt	2	sample_1	71	AGATCGGAAGAGCACACGTCTGAACTCCAGTCAC	AGATCGGAAGAGCGTCGTGTAGGGAAAGAGTGT	0.14	39	4
Cutadapt	2	sample_9	71	AGATCGGAAGAGCACACGTCTGAACTCCAGTCAC	AGATCGGAAGAGCGTCGTGTAGGGAAAGAGTGT	0.16	28	9
Cutadapt	2	sample_4	71	AGATCGGAAGAGCACACGTCTGAACTCCAGTCAC	AGATCGGAAGAGCGTCGTGTAGGGAAAGAGTGT	0.17	40	8
Cutadapt	3	sample	65	AGATCGGAAGAGCACACGTCTGAACTCCAGTCAC	AGATCGGAAGAGCGTCGTGTAGGGAAAGAGTGT	0.15	29	6
Cutadapt	3	sample_7	65	AGATCGGAAGAGCACACGTCTGAACTCCAGTCAC	AGATCGGAAGAGCGTCGTGTAGGGAAAGAGTGT	0.12	32	9
Cutadapt	3	sample_6	65	AGATCGGAAGAGCACACGTCTGAACTCCAGTCAC	AGATCGGAAGAGCGTCGTGTAGGGAAAGAGTGT	0.11	40	8
Cutadapt	3	sample_2	65	AGATCGGAAGAGCACACGTCTGAACTCCAGTCAC	AGATCGGAAGAGCGTCGTGTAGGGAAAGAGTGT	0.19	31	10
Cutadapt	3	sample_3	65	AGATCGGAAGAGCACACGTCTGAACTCCAGTCAC	AGATCGGAAGAGCGTCGTGTAGGGAAAGAGTGT	0.14	33	8
Cutadapt	3	sample_8	65	AGATCGGAAGAGCACACGTCTGAACTCCAGTCAC	AGATCGGAAGAGCGTCGTGTAGGGAAAGAGTGT	0.15	27	6
Cutadapt	3	sample_5	65	AGATCGGAAGAGCACACGTCTGAACTCCAGTCAC	AGATCGGAAGAGCGTCGTGTAGGGAAAGAGTGT	0.18	25	5
Cutadapt	3	sample_10	65	AGATCGGAAGAGCACACGTCTGAACTCCAGTCAC	AGATCGGAAGAGCGTCGTGTAGGGAAAGAGTGT	0.1	32	4
Cutadapt	3	sample_1	65	AGATCGGAAGAGCACACGTCTGAACTCCAGTCAC	AGATCGGAAGAGCGTCGTGTAGGGAAAGAGTGT	0.12	34	7
Cutadapt	3	sample_9	65	AGATCGGAAGAGCACACGTCTGAACTCCAGTCAC	AGATCGGAAGAGCGTCGTGTAGGGAAAGAGTGT	0.16	27	9
Cutadapt	3	sample_4	65	AGATCGGAAGAGCACACGTCTGAACTCCAGTCAC	AGATCGGAAGAGCGTCGTGTAGGGAAAGAGTGT	0.17	30	4
